{
  "users": [
    {
      "id": "001",
      "login": "anton",
      "password": "1111",
      "registered_at": "2050-09-22 17:34",
      "role_id": 0
    },
    {
      "id": "e69f",
      "login": "oli",
      "password": "1111",
      "registered_at": "1970-02-01 03:21",
      "role_id": 1
    },
    {
      "id": "b7f7",
      "login": "asa",
      "password": "1111",
      "registered_at": "1970-01-26 06:03",
      "role_id": 2
    },
    {
      "login": "petr",
      "password": "1111",
      "registered_at": "1970-01-30 01:07",
      "role_id": 2,
      "id": "gLVFAIW"
    },
    {
      "login": "mari",
      "password": "1111",
      "registered_at": "1970-01-26 05:51",
      "role_id": 2,
      "id": "q8J5suz"
    }
  ],
  "roles": [
    {
      "id": "0",
      "name": "Admin"
    },
    {
      "id": "1",
      "name": "Moderator"
    },
    {
      "id": "2",
      "name": "User"
    },
    {
      "id": "3",
      "name": "Guest"
    }
  ],
  "posts": [
    {
      "id": "002",
      "title": "Xipsum quiaeque porro quisquam est qui dolorem dolor sit amet,",
      "image_url": "https://fastly.picsum.photos/id/324/280/150.jpg?hmac=69mt4EuUaKKX58Asi354gne9am3Le89waq8WoPMX3v8", 
      "content": "Lorem ipsum dolor sit amet, consectetur adipiscing elit. Proin porta enim nunc, eu sagittis dui elementum ut. Vestibulum congue fringilla nibh vel aliquam. Vivamus tristique interdum est, a cursus orci tincidunt a. In quis luctus turpis. Aenean sollicitudin eros commodo, malesuada nisl sed, accumsan orci. Quisque sodales lacus sit amet lacus placerat bibendum. Sed ornare ex et fringilla eleifend. Nulla feugiat id quam sit amet lobortis. Maecenas eu gravida dui, id posuere ex. Aliquam cursus volutpat venenatis.\n\nDonec et tellus eget sem commodo tempor. Sed feugiat nisl ligula, non efficitur sapien dictum in. Nulla turpis neque, egestas id euismod id, congue at lorem. Proin metus libero, commodo nec posuere sit amet, venenatis nec quam. Aliquam scelerisque nulla magna. Donec imperdiet faucibus mi nec congue. Sed tempor, eros a rhoncus mattis, nunc sem aliquam metus, sit amet interdum risus purus non diam. Ut velit purus, bibendum ac nisi vel, bibendum bibendum mi. Morbi auctor consectetur ipsum. Phasellus sollicitudin suscipit laoreet. Integer rutrum diam vitae ullamcorper commodo. Donec nec feugiat leo. Pellentesque convallis risus sem, non pretium nisi faucibus in. Suspendisse potenti.\n\nDuis mattis diam nec quam pretium congue. Quisque sit amet vehicula orci. Mauris gravida elit massa, sed aliquam dolor ultrices a. Etiam vel diam blandit, dapibus augue ultrices, mattis leo. Quisque varius, elit et condimentum ultricies, mauris lacus consectetur ante, sed tincidunt eros odio egestas libero. Maecenas ultrices arcu turpis, ut tincidunt justo vulputate vel. Etiam mattis quis turpis consequat suscipit. Vestibulum ante ipsum primis in faucibus orci luctus et ultrices posuere cubilia curae; Integer eros lorem, hendrerit id lacinia quis, mollis quis justo. Orci varius natoque penatibus et magnis dis parturient montes, nascetur ridiculus mus. Suspendisse ultrices pharetra metus at scelerisque. Proin consectetur pretium elit, sed consectetur leo aliquet et. Suspendisse rhoncus dui sed diam vehicula, a consequat felis mollis. Orci varius natoque penatibus et magnis dis parturient montes, nascetur ridiculus mus. Curabitur euismod sem quis leo aliquet aliquam.",
      "published_at": "2045-06-21"
    },
    {
      "id": "003",
      "title": "Ut enim ad minima veniam, quis nostrum ipit laboriosam.",
      "image_url": "https://fastly.picsum.photos/id/690/280/150.jpg?hmac=suJEFhFOQ9QrV_VgzarjeL-640kY1xq-xcRyk5qNIA4",
      "content": "Lorem ipsum dolor sit amet, consectetur adipiscing elit. Proin porta enim nunc, eu sagittis dui elementum ut. Vestibulum congue fringilla nibh vel aliquam. Vivamus tristique interdum est, a cursus orci tincidunt a. In quis luctus turpis. Aenean sollicitudin eros commodo, malesuada nisl sed, accumsan orci. Quisque sodales lacus sit amet lacus placerat bibendum. Sed ornare ex et fringilla eleifend. Nulla feugiat id quam sit amet lobortis. Maecenas eu gravida dui, id posuere ex. Aliquam cursus volutpat venenatis.\n\nDonec et tellus eget sem commodo tempor. Sed feugiat nisl ligula, non efficitur sapien dictum in. Nulla turpis neque, egestas id euismod id, congue at lorem. Proin metus libero, commodo nec posuere sit amet, venenatis nec quam. Aliquam scelerisque nulla magna. Donec imperdiet faucibus mi nec congue. Sed tempor, eros a rhoncus mattis, nunc sem aliquam metus, sit amet interdum risus purus non diam. Ut velit purus, bibendum ac nisi vel, bibendum bibendum mi. Morbi auctor consectetur ipsum. Phasellus sollicitudin suscipit laoreet. Integer rutrum diam vitae ullamcorper commodo. Donec nec feugiat leo. Pellentesque convallis risus sem, non pretium nisi faucibus in. Suspendisse potenti.\n\nDuis mattis diam nec quam pretium congue. Quisque sit amet vehicula orci. Mauris gravida elit massa, sed aliquam dolor ultrices a. Etiam vel diam blandit, dapibus augue ultrices, mattis leo. Quisque varius, elit et condimentum ultricies, mauris lacus consectetur ante, sed tincidunt eros odio egestas libero. Maecenas ultrices arcu turpis, ut tincidunt justo vulputate vel. Etiam mattis quis turpis consequat suscipit. Vestibulum ante ipsum primis in faucibus orci luctus et ultrices posuere cubilia curae; Integer eros lorem, hendrerit id lacinia quis, mollis quis justo. Orci varius natoque penatibus et magnis dis parturient montes, nascetur ridiculus mus. Suspendisse ultrices pharetra metus at scelerisque. Proin consectetur pretium elit, sed consectetur leo aliquet et. Suspendisse rhoncus dui sed diam vehicula, a consequat felis mollis. Orci varius natoque penatibus et magnis dis parturient montes, nascetur ridiculus mus. Curabitur euismod sem quis leo aliquet aliquam.",
      "published_at": "2045-06-22"
    },
    {
      "id": "004",
      "title": "Nisi ut aliquid ex ea commodi consequatur? Queprehenderit.",
      "image_url": "https://fastly.picsum.photos/id/390/280/150.jpg?hmac=TtxQH8V0QYyw_K_lMVr2pzsJiHJB6cTctE48VYE-qP4",
      "content": "Lorem ipsum dolor sit amet, consectetur adipiscing elit. Proin porta enim nunc, eu sagittis dui elementum ut. Vestibulum congue fringilla nibh vel aliquam. Vivamus tristique interdum est, a cursus orci tincidunt a. In quis luctus turpis. Aenean sollicitudin eros commodo, malesuada nisl sed, accumsan orci. Quisque sodales lacus sit amet lacus placerat bibendum. Sed ornare ex et fringilla eleifend. Nulla feugiat id quam sit amet lobortis. Maecenas eu gravida dui, id posuere ex. Aliquam cursus volutpat venenatis.\n\nDonec et tellus eget sem commodo tempor. Sed feugiat nisl ligula, non efficitur sapien dictum in. Nulla turpis neque, egestas id euismod id, congue at lorem. Proin metus libero, commodo nec posuere sit amet, venenatis nec quam. Aliquam scelerisque nulla magna. Donec imperdiet faucibus mi nec congue. Sed tempor, eros a rhoncus mattis, nunc sem aliquam metus, sit amet interdum risus purus non diam. Ut velit purus, bibendum ac nisi vel, bibendum bibendum mi. Morbi auctor consectetur ipsum. Phasellus sollicitudin suscipit laoreet. Integer rutrum diam vitae ullamcorper commodo. Donec nec feugiat leo. Pellentesque convallis risus sem, non pretium nisi faucibus in. Suspendisse potenti.\n\nDuis mattis diam nec quam pretium congue. Quisque sit amet vehicula orci. Mauris gravida elit massa, sed aliquam dolor ultrices a. Etiam vel diam blandit, dapibus augue ultrices, mattis leo. Quisque varius, elit et condimentum ultricies, mauris lacus consectetur ante, sed tincidunt eros odio egestas libero. Maecenas ultrices arcu turpis, ut tincidunt justo vulputate vel. Etiam mattis quis turpis consequat suscipit. Vestibulum ante ipsum primis in faucibus orci luctus et ultrices posuere cubilia curae; Integer eros lorem, hendrerit id lacinia quis, mollis quis justo. Orci varius natoque penatibus et magnis dis parturient montes, nascetur ridiculus mus. Suspendisse ultrices pharetra metus at scelerisque. Proin consectetur pretium elit, sed consectetur leo aliquet et. Suspendisse rhoncus dui sed diam vehicula, a consequat felis mollis. Orci varius natoque penatibus et magnis dis parturient montes, nascetur ridiculus mus. Curabitur euismod sem quis leo aliquet aliquam.",
      "published_at": "2045-07-24"
    },
    {
      "id": "005",
      "title": "Vel illum qui dolorem eum fugas nulla pariatur?",
      "image_url": "https://fastly.picsum.photos/id/309/280/150.jpg?hmac=zLcGaq_6rt794J7nYrHAPszNEMCKfJtbQIGTqMZcQu0",
      "content": "Lorem ipsum dolor sit amet, consectetur adipiscing elit. Proin porta enim nunc, eu sagittis dui elementum ut. Vestibulum congue fringilla nibh vel aliquam. Vivamus tristique interdum est, a cursus orci tincidunt a. In quis luctus turpis. Aenean sollicitudin eros commodo, malesuada nisl sed, accumsan orci. Quisque sodales lacus sit amet lacus placerat bibendum. Sed ornare ex et fringilla eleifend. Nulla feugiat id quam sit amet lobortis. Maecenas eu gravida dui, id posuere ex. Aliquam cursus volutpat venenatis.\n\nDonec et tellus eget sem commodo tempor. Sed feugiat nisl ligula, non efficitur sapien dictum in. Nulla turpis neque, egestas id euismod id, congue at lorem. Proin metus libero, commodo nec posuere sit amet, venenatis nec quam. Aliquam scelerisque nulla magna. Donec imperdiet faucibus mi nec congue. Sed tempor, eros a rhoncus mattis, nunc sem aliquam metus, sit amet interdum risus purus non diam. Ut velit purus, bibendum ac nisi vel, bibendum bibendum mi. Morbi auctor consectetur ipsum. Phasellus sollicitudin suscipit laoreet. Integer rutrum diam vitae ullamcorper commodo. Donec nec feugiat leo. Pellentesque convallis risus sem, non pretium nisi faucibus in. Suspendisse potenti.\n\nDuis mattis diam nec quam pretium congue. Quisque sit amet vehicula orci. Mauris gravida elit massa, sed aliquam dolor ultrices a. Etiam vel diam blandit, dapibus augue ultrices, mattis leo. Quisque varius, elit et condimentum ultricies, mauris lacus consectetur ante, sed tincidunt eros odio egestas libero. Maecenas ultrices arcu turpis, ut tincidunt justo vulputate vel. Etiam mattis quis turpis consequat suscipit. Vestibulum ante ipsum primis in faucibus orci luctus et ultrices posuere cubilia curae; Integer eros lorem, hendrerit id lacinia quis, mollis quis justo. Orci varius natoque penatibus et magnis dis parturient montes, nascetur ridiculus mus. Suspendisse ultrices pharetra metus at scelerisque. Proin consectetur pretium elit, sed consectetur leo aliquet et. Suspendisse rhoncus dui sed diam vehicula, a consequat felis mollis. Orci varius natoque penatibus et magnis dis parturient montes, nascetur ridiculus mus. Curabitur euismod sem quis leo aliquet aliquam.",
      "published_at": "2045-07-25"
    },
    {
      "id": "006",
      "title": "Et harum quidem rerum fapedita distinctio.",
      "image_url": "https://fastly.picsum.photos/id/558/280/150.jpg?hmac=NAVRlJzSzaYYAkvS75gfFjvHgt4po6lqDABkz7eCNrA",
      "content": "Lorem ipsum dolor sit amet, consectetur adipiscing elit. Proin porta enim nunc, eu sagittis dui elementum ut. Vestibulum congue fringilla nibh vel aliquam. Vivamus tristique interdum est, a cursus orci tincidunt a. In quis luctus turpis. Aenean sollicitudin eros commodo, malesuada nisl sed, accumsan orci. Quisque sodales lacus sit amet lacus placerat bibendum. Sed ornare ex et fringilla eleifend. Nulla feugiat id quam sit amet lobortis. Maecenas eu gravida dui, id posuere ex. Aliquam cursus volutpat venenatis.\n\nDonec et tellus eget sem commodo tempor. Sed feugiat nisl ligula, non efficitur sapien dictum in. Nulla turpis neque, egestas id euismod id, congue at lorem. Proin metus libero, commodo nec posuere sit amet, venenatis nec quam. Aliquam scelerisque nulla magna. Donec imperdiet faucibus mi nec congue. Sed tempor, eros a rhoncus mattis, nunc sem aliquam metus, sit amet interdum risus purus non diam. Ut velit purus, bibendum ac nisi vel, bibendum bibendum mi. Morbi auctor consectetur ipsum. Phasellus sollicitudin suscipit laoreet. Integer rutrum diam vitae ullamcorper commodo. Donec nec feugiat leo. Pellentesque convallis risus sem, non pretium nisi faucibus in. Suspendisse potenti.\n\nDuis mattis diam nec quam pretium congue. Quisque sit amet vehicula orci. Mauris gravida elit massa, sed aliquam dolor ultrices a. Etiam vel diam blandit, dapibus augue ultrices, mattis leo. Quisque varius, elit et condimentum ultricies, mauris lacus consectetur ante, sed tincidunt eros odio egestas libero. Maecenas ultrices arcu turpis, ut tincidunt justo vulputate vel. Etiam mattis quis turpis consequat suscipit. Vestibulum ante ipsum primis in faucibus orci luctus et ultrices posuere cubilia curae; Integer eros lorem, hendrerit id lacinia quis, mollis quis justo. Orci varius natoque penatibus et magnis dis parturient montes, nascetur ridiculus mus. Suspendisse ultrices pharetra metus at scelerisque. Proin consectetur pretium elit, sed consectetur leo aliquet et. Suspendisse rhoncus dui sed diam vehicula, a consequat felis mollis. Orci varius natoque penatibus et magnis dis parturient montes, nascetur ridiculus mus. Curabitur euismod sem quis leo aliquet aliquam.",
      "published_at": "2045-06-25"
    },
    {
      "id": "007",
      "title": "Nam libero tempore, cum soluta nobis est eligendi optio.",
      "image_url": "https://fastly.picsum.photos/id/35/280/150.jpg?hmac=RRvDP184AQu6ZCueybD2COzO1i0xyO9TMpvK2KCfdG0",
      "content": "Lorem ipsum dolor sit amet, consectetur adipiscing elit. Proin porta enim nunc, eu sagittis dui elementum ut. Vestibulum congue fringilla nibh vel aliquam. Vivamus tristique interdum est, a cursus orci tincidunt a. In quis luctus turpis. Aenean sollicitudin eros commodo, malesuada nisl sed, accumsan orci. Quisque sodales lacus sit amet lacus placerat bibendum. Sed ornare ex et fringilla eleifend. Nulla feugiat id quam sit amet lobortis. Maecenas eu gravida dui, id posuere ex. Aliquam cursus volutpat venenatis.\n\nDonec et tellus eget sem commodo tempor. Sed feugiat nisl ligula, non efficitur sapien dictum in. Nulla turpis neque, egestas id euismod id, congue at lorem. Proin metus libero, commodo nec posuere sit amet, venenatis nec quam. Aliquam scelerisque nulla magna. Donec imperdiet faucibus mi nec congue. Sed tempor, eros a rhoncus mattis, nunc sem aliquam metus, sit amet interdum risus purus non diam. Ut velit purus, bibendum ac nisi vel, bibendum bibendum mi. Morbi auctor consectetur ipsum. Phasellus sollicitudin suscipit laoreet. Integer rutrum diam vitae ullamcorper commodo. Donec nec feugiat leo. Pellentesque convallis risus sem, non pretium nisi faucibus in. Suspendisse potenti.\n\nDuis mattis diam nec quam pretium congue. Quisque sit amet vehicula orci. Mauris gravida elit massa, sed aliquam dolor ultrices a. Etiam vel diam blandit, dapibus augue ultrices, mattis leo. Quisque varius, elit et condimentum ultricies, mauris lacus consectetur ante, sed tincidunt eros odio egestas libero. Maecenas ultrices arcu turpis, ut tincidunt justo vulputate vel. Etiam mattis quis turpis consequat suscipit. Vestibulum ante ipsum primis in faucibus orci luctus et ultrices posuere cubilia curae; Integer eros lorem, hendrerit id lacinia quis, mollis quis justo. Orci varius natoque penatibus et magnis dis parturient montes, nascetur ridiculus mus. Suspendisse ultrices pharetra metus at scelerisque. Proin consectetur pretium elit, sed consectetur leo aliquet et. Suspendisse rhoncus dui sed diam vehicula, a consequat felis mollis. Orci varius natoque penatibus et magnis dis parturient montes, nascetur ridiculus mus. Curabitur euismod sem quis leo aliquet aliquam.",
      "published_at": "2045-06-26"
    },
    {
      "id": "008",
      "title": "Temporibus autem quibusdam et bitis aut rerum necessitatibus saepe.",
      "image_url": "https://fastly.picsum.photos/id/1070/280/150.jpg?hmac=T7EDks4ietL_Ov4X0GY_ndxZ-l1LxxuB0mrE_vORA2E",
      "content": "Lorem ipsum dolor sit amet, consectetur adipiscing elit. Proin porta enim nunc, eu sagittis dui elementum ut. Vestibulum congue fringilla nibh vel aliquam. Vivamus tristique interdum est, a cursus orci tincidunt a. In quis luctus turpis. Aenean sollicitudin eros commodo, malesuada nisl sed, accumsan orci. Quisque sodales lacus sit amet lacus placerat bibendum. Sed ornare ex et fringilla eleifend. Nulla feugiat id quam sit amet lobortis. Maecenas eu gravida dui, id posuere ex. Aliquam cursus volutpat venenatis.\n\nDonec et tellus eget sem commodo tempor. Sed feugiat nisl ligula, non efficitur sapien dictum in. Nulla turpis neque, egestas id euismod id, congue at lorem. Proin metus libero, commodo nec posuere sit amet, venenatis nec quam. Aliquam scelerisque nulla magna. Donec imperdiet faucibus mi nec congue. Sed tempor, eros a rhoncus mattis, nunc sem aliquam metus, sit amet interdum risus purus non diam. Ut velit purus, bibendum ac nisi vel, bibendum bibendum mi. Morbi auctor consectetur ipsum. Phasellus sollicitudin suscipit laoreet. Integer rutrum diam vitae ullamcorper commodo. Donec nec feugiat leo. Pellentesque convallis risus sem, non pretium nisi faucibus in. Suspendisse potenti.\n\nDuis mattis diam nec quam pretium congue. Quisque sit amet vehicula orci. Mauris gravida elit massa, sed aliquam dolor ultrices a. Etiam vel diam blandit, dapibus augue ultrices, mattis leo. Quisque varius, elit et condimentum ultricies, mauris lacus consectetur ante, sed tincidunt eros odio egestas libero. Maecenas ultrices arcu turpis, ut tincidunt justo vulputate vel. Etiam mattis quis turpis consequat suscipit. Vestibulum ante ipsum primis in faucibus orci luctus et ultrices posuere cubilia curae; Integer eros lorem, hendrerit id lacinia quis, mollis quis justo. Orci varius natoque penatibus et magnis dis parturient montes, nascetur ridiculus mus. Suspendisse ultrices pharetra metus at scelerisque. Proin consectetur pretium elit, sed consectetur leo aliquet et. Suspendisse rhoncus dui sed diam vehicula, a consequat felis mollis. Orci varius natoque penatibus et magnis dis parturient montes, nascetur ridiculus mus. Curabitur euismod sem quis leo aliquet aliquam.",
      "published_at": "2045-06-27"
    },
    {
      "id": "009",
      "title": "Itaque earum rerum hic tenetur a sapiente delectus.",
      "image_url": "https://fastly.picsum.photos/id/845/280/150.jpg?hmac=u2rl1qRlq6pT74T7MX7O6kklTAcf10ZTrfrG9Ak-Lwc",
      "content": "Lorem ipsum dolor sit amet, consectetur adipiscing elit. Proin porta enim nunc, eu sagittis dui elementum ut. Vestibulum congue fringilla nibh vel aliquam. Vivamus tristique interdum est, a cursus orci tincidunt a. In quis luctus turpis. Aenean sollicitudin eros commodo, malesuada nisl sed, accumsan orci. Quisque sodales lacus sit amet lacus placerat bibendum. Sed ornare ex et fringilla eleifend. Nulla feugiat id quam sit amet lobortis. Maecenas eu gravida dui, id posuere ex. Aliquam cursus volutpat venenatis.\n\nDonec et tellus eget sem commodo tempor. Sed feugiat nisl ligula, non efficitur sapien dictum in. Nulla turpis neque, egestas id euismod id, congue at lorem. Proin metus libero, commodo nec posuere sit amet, venenatis nec quam. Aliquam scelerisque nulla magna. Donec imperdiet faucibus mi nec congue. Sed tempor, eros a rhoncus mattis, nunc sem aliquam metus, sit amet interdum risus purus non diam. Ut velit purus, bibendum ac nisi vel, bibendum bibendum mi. Morbi auctor consectetur ipsum. Phasellus sollicitudin suscipit laoreet. Integer rutrum diam vitae ullamcorper commodo. Donec nec feugiat leo. Pellentesque convallis risus sem, non pretium nisi faucibus in. Suspendisse potenti.\n\nDuis mattis diam nec quam pretium congue. Quisque sit amet vehicula orci. Mauris gravida elit massa, sed aliquam dolor ultrices a. Etiam vel diam blandit, dapibus augue ultrices, mattis leo. Quisque varius, elit et condimentum ultricies, mauris lacus consectetur ante, sed tincidunt eros odio egestas libero. Maecenas ultrices arcu turpis, ut tincidunt justo vulputate vel. Etiam mattis quis turpis consequat suscipit. Vestibulum ante ipsum primis in faucibus orci luctus et ultrices posuere cubilia curae; Integer eros lorem, hendrerit id lacinia quis, mollis quis justo. Orci varius natoque penatibus et magnis dis parturient montes, nascetur ridiculus mus. Suspendisse ultrices pharetra metus at scelerisque. Proin consectetur pretium elit, sed consectetur leo aliquet et. Suspendisse rhoncus dui sed diam vehicula, a consequat felis mollis. Orci varius natoque penatibus et magnis dis parturient montes, nascetur ridiculus mus. Curabitur euismod sem quis leo aliquet aliquam.",
      "published_at": "2045-06-28"
    },
    {
      "id": "010",
      "title": "Ut aut reiciendis voluptatibusequatur aut perferendis doloribus asperiores.",
      "image_url": "https://fastly.picsum.photos/id/176/280/150.jpg?hmac=a8n9-1t9pOQvsEwlSozLfRx6Tx6K_UYe6K1NIYpEKyU",
      "content": "Lorem ipsum dolor sit amet, consectetur adipiscing elit. Proin porta enim nunc, eu sagittis dui elementum ut. Vestibulum congue fringilla nibh vel aliquam. Vivamus tristique interdum est, a cursus orci tincidunt a. In quis luctus turpis. Aenean sollicitudin eros commodo, malesuada nisl sed, accumsan orci. Quisque sodales lacus sit amet lacus placerat bibendum. Sed ornare ex et fringilla eleifend. Nulla feugiat id quam sit amet lobortis. Maecenas eu gravida dui, id posuere ex. Aliquam cursus volutpat venenatis.\n\nDonec et tellus eget sem commodo tempor. Sed feugiat nisl ligula, non efficitur sapien dictum in. Nulla turpis neque, egestas id euismod id, congue at lorem. Proin metus libero, commodo nec posuere sit amet, venenatis nec quam. Aliquam scelerisque nulla magna. Donec imperdiet faucibus mi nec congue. Sed tempor, eros a rhoncus mattis, nunc sem aliquam metus, sit amet interdum risus purus non diam. Ut velit purus, bibendum ac nisi vel, bibendum bibendum mi. Morbi auctor consectetur ipsum. Phasellus sollicitudin suscipit laoreet. Integer rutrum diam vitae ullamcorper commodo. Donec nec feugiat leo. Pellentesque convallis risus sem, non pretium nisi faucibus in. Suspendisse potenti.\n\nDuis mattis diam nec quam pretium congue. Quisque sit amet vehicula orci. Mauris gravida elit massa, sed aliquam dolor ultrices a. Etiam vel diam blandit, dapibus augue ultrices, mattis leo. Quisque varius, elit et condimentum ultricies, mauris lacus consectetur ante, sed tincidunt eros odio egestas libero. Maecenas ultrices arcu turpis, ut tincidunt justo vulputate vel. Etiam mattis quis turpis consequat suscipit. Vestibulum ante ipsum primis in faucibus orci luctus et ultrices posuere cubilia curae; Integer eros lorem, hendrerit id lacinia quis, mollis quis justo. Orci varius natoque penatibus et magnis dis parturient montes, nascetur ridiculus mus. Suspendisse ultrices pharetra metus at scelerisque. Proin consectetur pretium elit, sed consectetur leo aliquet et. Suspendisse rhoncus dui sed diam vehicula, a consequat felis mollis. Orci varius natoque penatibus et magnis dis parturient montes, nascetur ridiculus mus. Curabitur euismod sem quis leo aliquet aliquam.",
      "published_at": "2045-06-29"
    },
    {
      "id": "011",
      "title": "Cumque nihil impedit quo minus id ceat facere possimus.",
      "image_url": "https://fastly.picsum.photos/id/768/280/150.jpg?hmac=BFzzBhEMmrs3OiC5kcMtpdD6-vsSixgV-4DkF5ESvrA",
      "content": "Lorem ipsum dolor sit amet, consectetur adipiscing elit. Proin porta enim nunc, eu sagittis dui elementum ut. Vestibulum congue fringilla nibh vel aliquam. Vivamus tristique interdum est, a cursus orci tincidunt a. In quis luctus turpis. Aenean sollicitudin eros commodo, malesuada nisl sed, accumsan orci. Quisque sodales lacus sit amet lacus placerat bibendum. Sed ornare ex et fringilla eleifend. Nulla feugiat id quam sit amet lobortis. Maecenas eu gravida dui, id posuere ex. Aliquam cursus volutpat venenatis.\n\nDonec et tellus eget sem commodo tempor. Sed feugiat nisl ligula, non efficitur sapien dictum in. Nulla turpis neque, egestas id euismod id, congue at lorem. Proin metus libero, commodo nec posuere sit amet, venenatis nec quam. Aliquam scelerisque nulla magna. Donec imperdiet faucibus mi nec congue. Sed tempor, eros a rhoncus mattis, nunc sem aliquam metus, sit amet interdum risus purus non diam. Ut velit purus, bibendum ac nisi vel, bibendum bibendum mi. Morbi auctor consectetur ipsum. Phasellus sollicitudin suscipit laoreet. Integer rutrum diam vitae ullamcorper commodo. Donec nec feugiat leo. Pellentesque convallis risus sem, non pretium nisi faucibus in. Suspendisse potenti.\n\nDuis mattis diam nec quam pretium congue. Quisque sit amet vehicula orci. Mauris gravida elit massa, sed aliquam dolor ultrices a. Etiam vel diam blandit, dapibus augue ultrices, mattis leo. Quisque varius, elit et condimentum ultricies, mauris lacus consectetur ante, sed tincidunt eros odio egestas libero. Maecenas ultrices arcu turpis, ut tincidunt justo vulputate vel. Etiam mattis quis turpis consequat suscipit. Vestibulum ante ipsum primis in faucibus orci luctus et ultrices posuere cubilia curae; Integer eros lorem, hendrerit id lacinia quis, mollis quis justo. Orci varius natoque penatibus et magnis dis parturient montes, nascetur ridiculus mus. Suspendisse ultrices pharetra metus at scelerisque. Proin consectetur pretium elit, sed consectetur leo aliquet et. Suspendisse rhoncus dui sed diam vehicula, a consequat felis mollis. Orci varius natoque penatibus et magnis dis parturient montes, nascetur ridiculus mus. Curabitur euismod sem quis leo aliquet aliquam.",
      "published_at": "2045-06-30"
    },
    {
      "id": "012",
      "title": "Nihil molestiae consequatur, vel ill fugiat quo voluptas nulla pariatur?",
      "image_url": "https://fastly.picsum.photos/id/196/280/150.jpg?hmac=2TH2rIwYtFXZ0d-Ry30O2e87dNRgzz8ejUuUG22f8jI",
      "content": "Lorem ipsum dolor sit amet, consectetur adipiscing elit. Proin porta enim nunc, eu sagittis dui elementum ut. Vestibulum congue fringilla nibh vel aliquam. Vivamus tristique interdum est, a cursus orci tincidunt a. In quis luctus turpis. Aenean sollicitudin eros commodo, malesuada nisl sed, accumsan orci. Quisque sodales lacus sit amet lacus placerat bibendum. Sed ornare ex et fringilla eleifend. Nulla feugiat id quam sit amet lobortis. Maecenas eu gravida dui, id posuere ex. Aliquam cursus volutpat venenatis.\n\nDonec et tellus eget sem commodo tempor. Sed feugiat nisl ligula, non efficitur sapien dictum in. Nulla turpis neque, egestas id euismod id, congue at lorem. Proin metus libero, commodo nec posuere sit amet, venenatis nec quam. Aliquam scelerisque nulla magna. Donec imperdiet faucibus mi nec congue. Sed tempor, eros a rhoncus mattis, nunc sem aliquam metus, sit amet interdum risus purus non diam. Ut velit purus, bibendum ac nisi vel, bibendum bibendum mi. Morbi auctor consectetur ipsum. Phasellus sollicitudin suscipit laoreet. Integer rutrum diam vitae ullamcorper commodo. Donec nec feugiat leo. Pellentesque convallis risus sem, non pretium nisi faucibus in. Suspendisse potenti.\n\nDuis mattis diam nec quam pretium congue. Quisque sit amet vehicula orci. Mauris gravida elit massa, sed aliquam dolor ultrices a. Etiam vel diam blandit, dapibus augue ultrices, mattis leo. Quisque varius, elit et condimentum ultricies, mauris lacus consectetur ante, sed tincidunt eros odio egestas libero. Maecenas ultrices arcu turpis, ut tincidunt justo vulputate vel. Etiam mattis quis turpis consequat suscipit. Vestibulum ante ipsum primis in faucibus orci luctus et ultrices posuere cubilia curae; Integer eros lorem, hendrerit id lacinia quis, mollis quis justo. Orci varius natoque penatibus et magnis dis parturient montes, nascetur ridiculus mus. Suspendisse ultrices pharetra metus at scelerisque. Proin consectetur pretium elit, sed consectetur leo aliquet et. Suspendisse rhoncus dui sed diam vehicula, a consequat felis mollis. Orci varius natoque penatibus et magnis dis parturient montes, nascetur ridiculus mus. Curabitur euismod sem quis leo aliquet aliquam.",
      "published_at": "2045-07-01"
    },
    {
      "id": "2885",
      "image_url": "https://fastly.picsum.photos/id/563/280/150.jpg?hmac=h7wTXRz7Mr_2ebzeoKqR2hVsnGGn9ozisdFaM1tfnBE",
      "published_at": "1970-01-26 17:56",
      "title": "!!!Nihil molestiae consequatur, vel ill fugiat quo voluptas nulla pariatur?",
      "content": "Lorem ipsum dolor sit amet, consectetur adipiscing elit. Proin porta enim nunc, eu sagittis dui elementum ut. Vestibulum congue fringilla nibh vel aliquam. Vivamus tristique interdum est, a cursus orci tincidunt a. In quis luctus turpis. Aenean sollicitudin eros commodo, malesuada nisl sed, accumsan orci. Quisque sodales lacus sit amet lacus placerat bibendum. Sed ornare ex et fringilla eleifend. Nulla feugiat id quam sit amet lobortis. Maecenas eu gravida dui, id posuere ex. Aliquam cursus volutpat venenatis.\\n\\nDonec et tellus eget sem commodo tempor. Sed feugiat nisl ligula, non efficitur sapien dictum in. Nulla turpis neque, egestas id euismod id, congue at lorem. Proin metus libero, commodo nec posuere sit amet, venenatis nec quam. Aliquam scelerisque nulla magna. Donec imperdiet faucibus mi nec congue. Sed tempor, eros a rhoncus mattis, nunc sem aliquam metus, sit amet interdum risus purus non diam. Ut velit purus, bibendum ac nisi vel, bibendum bibendum mi. Morbi auctor consectetur ipsum. Phasellus sollicitudin suscipit laoreet. Integer rutrum diam vitae ullamcorper commodo. Donec nec feugiat leo. Pellentesque convallis risus sem, non pretium nisi faucibus in. Suspendisse potenti.\\n\\nDuis mattis diam nec quam pretium congue. Quisque sit amet vehicula orci. Mauris gravida elit massa, sed aliquam dolor ultrices a. Etiam vel diam blandit, dapibus augue ultrices, mattis leo. Quisque varius, elit et condimentum ultricies, mauris lacus consectetur ante, sed tincidunt eros odio egestas libero. Maecenas ultrices arcu turpis, ut tincidunt justo vulputate vel. Etiam mattis quis turpis consequat suscipit. Vestibulum ante ipsum primis in faucibus orci luctus et ultrices posuere cubilia curae; Integer eros lorem, hendrerit id lacinia quis, mollis quis justo. Orci varius natoque penatibus et magnis dis parturient montes, nascetur ridiculus mus. Suspendisse ultrices pharetra metus at scelerisque. Proin consectetur pretium elit, sed consectetur leo aliquet et. Suspendisse rhoncus dui sed diam vehicula, a consequat felis mollis. Orci varius natoque penatibus et magnis dis parturient montes, nascetur ridiculus mus. Curabitur euismod sem quis leo aliquet aliquam."
    },
    {
      "id": "45b1",
      "image_url": "https://fastly.picsum.photos/id/186/280/150.jpg?hmac=qcqflC8N_ZId6Py_CxvUnFx-HZWA_nD5XIACl7VIeoo",
      "published_at": "1970-02-02 04:04",
      "title": "Ewporro quisquam est qui dolorem dolor sit amet,",
      "content": "Lorem ipsum dolor sit amet, consectetur adipiscing elit. Proin porta enim nunc, eu sagittis dui elementum ut. Vestibulum congue fringilla nibh vel aliquam. Vivamus tristique interdum est, a cursus orci tincidunt a. In quis luctus turpis. Aenean sollicitudin eros commodo, malesuada nisl sed, accumsan orci. Quisque sodales lacus sit amet lacus placerat bibendum. Sed ornare ex et fringilla eleifend. Nulla feugiat id quam sit amet lobortis. Maecenas eu gravida dui, id posuere ex. Aliquam cursus volutpat venenatis.\n\nDonec et tellus eget sem commodo tempor. Sed feugiat nisl ligula, non efficitur sapien dictum in. Nulla turpis neque, egestas id euismod id, congue at lorem. Proin metus libero, commodo nec posuere sit amet, venenatis nec quam. Aliquam scelerisque nulla magna. Donec imperdiet faucibus mi nec congue. Sed tempor, eros a rhoncus mattis, nunc sem aliquam metus, sit amet interdum risus purus non diam. Ut velit purus, bibendum ac nisi vel, bibendum bibendum mi. Morbi auctor consectetur ipsum. Phasellus sollicitudin suscipit laoreet. Integer rutrum diam vitae ullamcorper commodo. Donec nec feugiat leo. Pellentesque convallis risus sem, non pretium nisi faucibus in. Suspendisse potenti.\n\n"
    },
    {
      "id": "e43f",
      "image_url": "https://fastly.picsum.photos/id/88/280/150.jpg?hmac=KaDo9oWqgQOp5vmLbt6es3V6vWFUfsZTdJoa2Qk-9HA",
      "published_at": "1970-02-03 20:00",
      "title": "Doreviro quisquam est qui dolorem dolor sit amet...",
      "content": "Donec et tellus eget sem commodo tempor. Sed feugiat nisl ligula, non efficitur sapien dictum in. Nulla turpis neque, egestas id euismod id, congue at lorem. Proin metus libero, commodo nec posuere sit amet, venenatis nec quam. Aliquam scelerisque nulla magna. Donec imperdiet faucibus mi nec congue. Sed tempor, eros a rhoncus mattis, nunc sem aliquam metus, sit amet interdum risus purus non diam. Ut velit purus, bibendum ac nisi vel, bibendum bibendum mi. Morbi auctor consectetur ipsum. Phasellus sollicitudin suscipit laoreet. Integer rutrum diam vitae ullamcorper commodo. Donec nec feugiat leo. Pellentesque convallis risus sem, non pretium nisi faucibus in. Suspendisse potenti.\n\n\nDonec et tellus eget sem commodo tempor. Sed feugiat nisl ligula, non efficitur sapien dictum in. Nulla turpis neque, egestas id euismod id, congue at lorem. Proin metus libero, commodo nec posuere sit amet, venenatis nec quam. Aliquam scelerisque nulla magna. Donec imperdiet faucibus mi nec congue. Sed tempor, eros a rhoncus mattis, nunc sem aliquam metus, sit amet interdum risus purus non diam. Ut velit purus, bibendum ac nisi vel, bibendum bibendum mi. Morbi auctor consectetur ipsum. Phasellus sollicitudin suscipit laoreet. Integer rutrum diam vitae ullamcorper commodo. Donec nec feugiat leo. Pellentesque convallis risus sem, non pretium nisi faucibus in. Suspendisse potenti.\n \n\n\n"
    }
  ],
  "comments": [
    {
      "id": "78ff",
      "author_id": "001",
      "post_id": "001",
      "published_at": "1970-01-24 19:15",
      "content": "wewe"
    },
    {
      "id": "1cd5",
      "author_id": "001",
      "post_id": "001",
      "published_at": "1970-02-03 17:50",
      "content": "new comment"
    },
    {
      "id": "6f89",
      "author_id": "001",
      "post_id": "002",
      "published_at": "1970-02-02 15:55",
      "content": "First comment"
    },
    {
      "id": "b42f",
      "author_id": "001",
      "post_id": "002",
      "published_at": "1970-01-26 19:24",
      "content": "qdqwdq dqefeqwf qfqfq "
    },
    {
      "author_id": "gLVFAIW",
      "post_id": "003",
      "published_at": "1970-02-03 15:48",
      "content": "petr comment",
      "id": "pvLHxIu"
    },
    {
      "author_id": "gLVFAIW",
      "post_id": "002",
      "published_at": "1970-01-28 16:32",
      "content": "uhuu",
      "id": "q8Qdk6z"
    },
    {
      "author_id": "e69f",
      "post_id": "003",
      "published_at": "1970-02-03 18:55",
      "content": "wqeqweq",
      "id": "3rgN5_a"
    },
    {
      "author_id": "e69f",
      "post_id": "003",
      "published_at": "1970-01-24 14:19",
      "content": "wqeqe",
      "id": "CfFeneL"
    },
    {
      "author_id": "e69f",
      "post_id": "003",
      "published_at": "1970-02-01 07:36",
      "content": "ewqew",
      "id": "uWcUfVV"
    },
    {
      "author_id": "001",
      "post_id": "003",
      "published_at": "1970-01-27 05:06",
      "content": "1213",
      "id": "zYmRRsS"
    },
    {
      "author_id": "001",
      "post_id": "006",
      "published_at": "1970-02-03 21:01",
      "content": "efeefefe",
      "id": "RABRERV"
    }
  ],
  "sessions": [
    {
      "id": "1a6c",
      "hash": "0.07263908137807084663961632031714543700218200683594",
      "user": {
        "id": "001",
        "login": "anton",
        "password": "1111",
        "registeredAt": "2050-09-22 17:34",
        "roleId": 0
      }
    },
    {
      "id": "90a2",
      "hash": "0.01891355379260151181597393588162958621978759765625",
      "user": {
        "id": "001",
        "login": "anton",
        "password": "1111",
        "registeredAt": "2050-09-22 17:34",
        "roleId": 0
      }
    },
    {
      "id": "d329",
      "hash": "0.41401717401689852593449359119404107332229614257813",
      "user": {
        "id": "001",
        "login": "anton",
        "password": "1111",
        "registeredAt": "2050-09-22 17:34",
        "roleId": 0
      }
    },
    {
      "id": "cc0d",
      "hash": "0.57265215670554314719709054770646616816520690917969",
      "user": {
        "id": "001",
        "login": "anton",
        "password": "1111",
        "registeredAt": "2050-09-22 17:34",
        "roleId": 0
      }
    },
    {
      "id": "aff3",
      "hash": "0.63046224089338265272886019374709576368331909179688",
      "user": {
        "id": "001",
        "login": "anton",
        "password": "1111",
        "registeredAt": "2050-09-22 17:34",
        "roleId": 0
      }
    },
    {
      "hash": "0.56000901557760984772471601900178939104080200195313",
      "user": {
        "id": "001",
        "login": "anton",
        "password": "1111",
        "registeredAt": "2050-09-22 17:34",
        "roleId": 0
      },
      "id": "02gs1mP"
    },
    {
      "hash": "0.48483362628026260843228101293789222836494445800781",
      "user": {
        "id": "001",
        "login": "anton",
        "password": "1111",
        "registeredAt": "2050-09-22 17:34",
        "roleId": 0
      },
      "id": "3Alwwq-"
    },
    {
      "hash": "0.06285507956830183040608517330838367342948913574219",
      "user": {
        "id": "gLVFAIW",
        "login": "petr",
        "password": "1111",
        "registeredAt": "1970-01-30 01:07",
        "roleId": 2
      },
      "id": "ep5tl9I"
    },
    {
      "hash": "0.35483511065234663028888917324366047978401184082031",
      "user": {
        "id": "001",
        "login": "anton",
        "password": "1111",
        "registeredAt": "2050-09-22 17:34",
        "roleId": 0
      },
      "id": "VOQNwSr"
    },
    {
      "hash": "0.49892411998297969688564990065060555934906005859375",
      "user": {
        "id": "001",
        "login": "anton",
        "password": "1111",
        "registeredAt": "2050-09-22 17:34",
        "roleId": 0
      },
      "id": "z5zjG_9"
    },
    {
      "hash": "0.24672713077824171001850572793046012520790100097656",
      "user": {
        "id": "001",
        "login": "anton",
        "password": "1111",
        "registeredAt": "2050-09-22 17:34",
        "roleId": 0
      },
      "id": "SxK4Cgf"
    }
  ]
}